file,source_asset_id,label,alt_text,status
public/images/brand-world/mv-team-studio-wall.webp,mv-gp-049,team studio wall,"Maxwell Ventures generated brand artwork with evergreen, gold, coastal, mountain, and team visual direction.",approved for public homepage after Max publish request on 2026-06-04
public/images/brand-world/mv-website-system-mockup.webp,mv-gp-050,website system mockup,"Maxwell Ventures generated brand artwork with evergreen, gold, coastal, mountain, and team visual direction.",approved for public homepage after Max publish request on 2026-06-04
public/images/brand-world/mv-coastal-crest-hero.webp,mv-gp-064,coastal crest hero,"Maxwell Ventures generated brand artwork with evergreen, gold, coastal, mountain, and team visual direction.",approved for public homepage after Max publish request on 2026-06-04
public/images/brand-world/mv-coastal-wordmark-banner.webp,mv-gp-065,coastal wordmark banner,"Maxwell Ventures generated brand artwork with evergreen, gold, coastal, mountain, and team visual direction.",approved for public homepage after Max publish request on 2026-06-04
public/images/brand-world/mv-vertical-coastal-poster.webp,mv-gp-066,vertical coastal poster,"Maxwell Ventures generated brand artwork with evergreen, gold, coastal, mountain, and team visual direction.",approved for public homepage after Max publish request on 2026-06-04
public/images/brand-world/mv-mist-forest-poster.webp,mv-gp-067,mist forest poster,"Maxwell Ventures generated brand artwork with evergreen, gold, coastal, mountain, and team visual direction.",approved for public homepage after Max publish request on 2026-06-04
public/images/brand-world/mv-storm-coast-poster.webp,mv-gp-068,storm coast poster,"Maxwell Ventures generated brand artwork with evergreen, gold, coastal, mountain, and team visual direction.",approved for public homepage after Max publish request on 2026-06-04
public/images/brand-world/mv-mountain-wordmark-panorama.webp,mv-gp-069,mountain wordmark panorama,"Maxwell Ventures generated brand artwork with evergreen, gold, coastal, mountain, and team visual direction.",approved for public homepage after Max publish request on 2026-06-04
public/images/brand-world/mv-dual-coastal-hero-study.webp,mv-gp-072,dual coastal hero study,"Maxwell Ventures generated brand artwork with evergreen, gold, coastal, mountain, and team visual direction.",approved for public homepage after Max publish request on 2026-06-04
